PRS,prop,low_ci,high_ci
df1,0.313253012048193,0.285449490268767,0.341056533827618
df2,0.303985171455051,0.27710843373494,0.330838364160514
df3,0.332715477293791,0.303058387395737,0.360518999073216
