PRS,prop,low_ci,high_ci
df1,0.129310344827586,0.0862068965517242,0.172413793103448
df2,0.314655172413793,0.254310344827586,0.375
df3,0.34051724137931,0.28448275862069,0.400862068965517
