PRS,prop,low_ci,high_ci
df1,0.363636363636364,0.331759149940968,0.396664220695625
df2,0.301062573789847,0.269215354274859,0.334120425029516
df3,0.330578512396694,0.298701298701299,0.361245094367408
