variable,prop,lower_95,upper_95
crp_cutoff,0.122093023255814,0.0697674418604651,0.174418604651163
