variable,prop,lower_95,upper_95
prs_lpa_cutoff,0.201754385964912,0.131578947368421,0.280478902887671
