variable,prop,lower_95,upper_95
prs_lpa_cutoff,0.254966887417219,0.240818783865142,0.27001806140879
