"","variable","chi_sq_p","fisher_p"
"1","Sex",0.011992659434321,0.0108818651367089
"2","White British Ancestry",0.207088406255791,0.192844425171678
