"","variable","chi_sq_p","fisher_p"
"1","Sex",8.06506798220843e-08,1.17698303785118e-07
"2","White British Ancestry",0.0892153497828253,0.0829654058820283
