variable,prop,lower_95,upper_95
lpa_cutoff,0.0697674418604651,0.0232558139534884,0.127906976744186
