variable,prop,lower_95,upper_95
prs_lpa_cutoff,0.170731707317073,0.0853658536585366,0.267982864990177
