variable,prop,lower_95,upper_95
crp_cutoff,0.174311926605505,0.100917431192661,0.247706422018349
