variable,prop,lower_95,upper_95
prs_pce_cutoff,0.378048780487805,0.268292682926829,0.475609756097561
