variable,prop,lower_95,upper_95
lpa_cutoff,0.146352118829183,0.136304062909568,0.156394625366797
