variable,prop,lower_95,upper_95
crp_cutoff,0.142880767322639,0.134612204398875,0.152141557797255
