variable,prop,lower_95,upper_95
prs_pce_cutoff,0.408789885611078,0.392233594220349,0.424744130042143
