variable,prop,lower_95,upper_95
prs_lpa_cutoff,0.23202614379085,0.208333333333333,0.256515191935616
