variable,prop,lower_95,upper_95
lpa_cutoff,0.129496402877698,0.0719424460431655,0.18705035971223
