variable,prop,lower_95,upper_95
prs_pce_cutoff,0.289473684210526,0.210526315789474,0.37719298245614
