variable,prop,lower_95,upper_95
lpa_cutoff,0.110874200426439,0.0916844349680171,0.131102979668651
