variable,prop,lower_95,upper_95
BMI,0.148566464,0.12858384,0.169417897