variable,prop,lower_95,upper_95
prs_lpa_cutoff,0.237426900584795,0.207017543859649,0.266666666666667
