variable,prop,lower_95,upper_95
prs_pce_cutoff,0.32046783625731,0.288888888888889,0.352046783625731
