variable,prop,lower_95,upper_95
crp_cutoff,0.127641589180051,0.109044801352494,0.147083685545224
