variable,prop,lower_95,upper_95
lpa_cutoff,0.116555308092056,0.10022271714922,0.134372680029696
