variable,prop,lower_95,upper_95
crp_cutoff,0.136042402826855,0.120141342756184,0.153106357437688
