variable,prop,lower_95,upper_95
prs_pce_cutoff,0.305555555555556,0.279411764705882,0.330065359477124
